Layer	RMSE_wells	RMSE_obs	ME_wells	ME_obs	nwells	nobs
1					0	0
2	5.891557	5.891557	1.1164927	1.1164927	23067	23067
3	11.746023	11.746023	9.2414875	9.2414875	4986	4986
4	15.888606	15.888606	15.802475	15.802475	4978	4978
5	1.9499086	1.9499086	0.8541006	0.8541006	12981	12981
6					0	0
7	1.9092593	1.9092593	-0.7043893	-0.7043893	12668	12668
8					0	0
