Layer	RMSE_wells	RMSE_obs	ME_wells	ME_obs	nwells	nobs
1					0	0
2	6.5282054	6.5282054	1.7949498	1.7949498	23067	23067
3	11.990648	11.990648	8.500054	8.500054	4986	4986
4	16.786894	16.786894	16.68981	16.68981	4978	4978
5	4.451428	4.451428	2.6368518	2.6368518	12981	12981
6					0	0
7	1.8945358	1.8945358	-0.3268397	-0.3268397	12668	12668
8					0	0
