Layer	RMSE_wells	RMSE_obs	ME_wells	ME_obs	nwells	nobs
1	1.919375	1.919375	-1.3663207	-1.3663207	18	18
2	6.7951274	6.7951274	2.0698617	2.0698617	37515	37515
3	10.936763	10.936763	7.1160293	7.1160293	9099	9099
4	16.28849	16.28849	15.707236	15.707236	7914	7914
5	4.396538	4.396538	2.1491954	2.1491954	19332	19332
6	4.614777	4.614777	-3.0572152	-3.0572152	65	65
7	2.0614076	2.0614076	-0.54133224	-0.54133224	16945	16945
8	11.144472	11.144472	10.870617	10.870617	2	2
