Layer	RMSE_wells	RMSE_obs	ME_wells	ME_obs	nwells	nobs
1	1.9193748	1.919375	-1.3663207	-1.3663207	18	18
2	5.2152567	6.7951274	0.261742	2.0698617	250	37515
3	4.8408613	10.936763	-1.606777	7.1160293	689	9099
4	5.5726132	16.28849	-1.3039364	15.707236	139	7914
5	5.3638873	4.396538	-2.3579533	2.1491954	1083	19332
6	5.150017	4.614777	-3.6046252	-3.0572152	43	65
7	5.2845283	2.0614076	-2.8178017	-0.54133224	190	16945
8	11.144472	11.144472	10.870617	10.870617	2	2
